account_sid,auth_token,twilio_phone_number,recipient_phone_number,recipient_name,location
AC2d7e6f0a69468cb40cb1872b6eefe696,c812952ed402e10dc8f8283197a14f8d,14175743171,919325178248,Arati Rahane,Kopargaon
AC2d7e6f0a69468cb40cb1872b6eefe696,c812952ed402e10dc8f8283197a14f8d,14175743171,919325178248,Arati Rahane,Nashik
ACb37c49ef1d2e2b66825d720c9034debb,d81c7f9ea9ffd3236e2d3a8f79efab7f,16366370109,919960506953,Priyanka Rahane,Shirdi
ACbaedcf634de9a759bb7f32360e47ca2d,9c30b9604fe8a26d91fe06e896fe9010,17065037847,918605472551,Vaishnavi Aher,Kopargaon
ACbaedcf634de9a759bb7f32360e47ca2d,9c30b9604fe8a26d91fe06e896fe9010,17065037847,918605472551,Vaishnavi Aher,Surat
ACbaedcf634de9a759bb7f32360e47ca2d,9c30b9604fe8a26d91fe06e896fe9010,17065037847,918605472551,Vaishnavi Aher,Rajkot
AC74c3af87aa4aa6745814cf5edeabcdbe,2828ed2a5f2c8dbf52f7d3c8780b734c,13393299224,917498776512,Kiran Lungade,Thiruvananthapuram
AC74c3af87aa4aa6745814cf5edeabcdbe,2828ed2a5f2c8dbf52f7d3c8780b734c,13393299224,917498776512,Kiran Lungade,Dehradun
AC74c3af87aa4aa6745814cf5edeabcdbe,2828ed2a5f2c8dbf52f7d3c8780b734c,13393299224,917498776512,Kiran Lungade,New Delhi
AC2d7e6f0a69468cb40cb1872b6eefe696,c812952ed402e10dc8f8283197a14f8d,14175743171,919325178248,Arati Rahane,Ahmadabad
ACb37c49ef1d2e2b66825d720c9034debb,d81c7f9ea9ffd3236e2d3a8f79efab7f,16366370109,919960506953,Priyanka Rahane,Sangamner
